,category,beauty_scores
1304908208.jpg,people,0
2831778165.jpg,nature,0
2622568994.jpg,nature,0
2347772663.jpg,people,0
6811194858.jpg,urban,0
4864520810.jpg,animals,0
3621011057.jpg,nature,0
5404284130.jpg,urban,0
4997187625.jpg,nature,0
5833870118.jpg,nature,0
61767806.jpg,people,0
3374729989.jpg,nature,0
2444732306.jpg,nature,0
2574113622.jpg,nature,0
2915934109.jpg,animals,0
2964902415.jpg,people,0
6970443894.jpg,people,0
3318096347.jpg,people,0
2943385606.jpg,animals,0
3152412551.jpg,animals,0
120436421.jpg,urban,0
26254753.jpg,nature,0
2131350275.jpg,nature,0
8490448020.jpg,nature,0
4920406789.jpg,nature,0
4105495849.jpg,urban,0
167800909.jpg,urban,0
5889370198.jpg,people,0
3724432903.jpg,nature,0
5510092201.jpg,urban,0
715120234.jpg,nature,0
2866007735.jpg,animals,0
3966637670.jpg,nature,0
914054356.jpg,people,0
8145361342.jpg,nature,0
4606330180.jpg,urban,0
4522552035.jpg,people,0
3837987909.jpg,nature,0
459488195.jpg,people,0
3548703386.jpg,urban,0
4289796697.jpg,urban,0
7173302116.jpg,people,0
3048546624.jpg,people,0
4636842615.jpg,people,0
484613271.jpg,people,0
4160948430.jpg,urban,0
4548897948.jpg,people,0
4845867308.jpg,urban,0
8474269749.jpg,nature,0
2235491787.jpg,urban,0
2050011317.jpg,animals,0
2109353353.jpg,people,0
3766090116.jpg,people,0
4277582026.jpg,nature,0
8507919023.jpg,nature,0
5313153146.jpg,animals,0
5861265657.jpg,animals,0
153161528.jpg,urban,0
1693461198.jpg,people,0
5687764965.jpg,urban,0
2975202249.jpg,nature,0
2969527.jpg,people,0
2342422428.jpg,people,0
4124110642.jpg,nature,0
3724341720.jpg,animals,0
6819635773.jpg,people,0
4863914543.jpg,nature,0
445835237.jpg,animals,0
99076815.jpg,people,0
4481137885.jpg,animals,0
5512058612.jpg,urban,0
5252442539.jpg,animals,0
2927567981.jpg,animals,0
4163270596.jpg,urban,0
8095146720.jpg,nature,0
2952433057.jpg,people,0
4694628572.jpg,urban,0
4407677792.jpg,nature,0
4276124505.jpg,nature,0
180168241.jpg,nature,0
3470325936.jpg,animals,0
2515867186.jpg,urban,0
337606129.jpg,people,0
8392915643.jpg,urban,0
3907612002.jpg,people,0
182782455.jpg,people,0
2922457249.jpg,urban,0
4462934537.jpg,urban,0
6937327822.jpg,people,0
2446967575.jpg,nature,0
424650010.jpg,people,0
7705472248.jpg,urban,0
2552939632.jpg,nature,0
4865711146.jpg,people,0
240563999.jpg,nature,0
6863758345.jpg,urban,0
3844562148.jpg,urban,0
2698857122.jpg,people,0
7681682320.jpg,nature,0
2302980818.jpg,animals,0
3450136315.jpg,people,0
5718621471.jpg,urban,0
3611103779.jpg,people,0
4305337078.jpg,urban,0
4026974913.jpg,urban,0
7002077346.jpg,nature,0
6392668779.jpg,people,0
3612408856.jpg,animals,0
1573972319.jpg,nature,0
2221764949.jpg,animals,0
8071808491.jpg,people,0
5759258.jpg,people,0
884960408.jpg,nature,0
6049219236.jpg,urban,0
7395958222.jpg,animals,0
4649333505.jpg,nature,0
4903863525.jpg,nature,0
4374537620.jpg,urban,0
4125645478.jpg,people,0
1268416401.jpg,people,0
6782805794.jpg,people,0
2058997376.jpg,animals,0
3177209381.jpg,nature,0
4680002797.jpg,animals,0
4176163264.jpg,nature,0
3208894425.jpg,animals,0
6799788008.jpg,people,0
4163720404.jpg,urban,0
6631031383.jpg,urban,0
6139667795.jpg,urban,0
7044606873.jpg,nature,0
144878037.jpg,animals,0
2835644804.jpg,people,0
3922606330.jpg,animals,0
6800538459.jpg,urban,0
4657541160.jpg,nature,0
461219758.jpg,people,0
4020661071.jpg,animals,0
5065673087.jpg,nature,0
3574116444.jpg,animals,0
6212652110.jpg,people,0
6337568879.jpg,nature,0
8545784489.jpg,people,0
4547929511.jpg,people,0
2281524513.jpg,people,0
3380405604.jpg,nature,0
5430045480.jpg,nature,0
8263550657.jpg,people,0
1705163220.jpg,nature,0
1649747342.jpg,people,0
2830420967.jpg,animals,0
6682484695.jpg,animals,0
301781006.jpg,people,0
5871012189.jpg,urban,0
4610633949.jpg,nature,0
6466931679.jpg,urban,0
4288197984.jpg,urban,0
5519781141.jpg,urban,0
8252146636.jpg,people,0
6800541023.jpg,urban,0
626316219.jpg,animals,0
3296910183.jpg,people,0
8246338836.jpg,animals,0
2862074228.jpg,people,0
3655551386.jpg,animals,0
8014559468.jpg,urban,0
2850392735.jpg,nature,0
4996066182.jpg,urban,0
4219684694.jpg,nature,0
52468458.jpg,animals,0
4106280792.jpg,urban,0
5268854735.jpg,urban,0
4070979574.jpg,nature,0
2463502853.jpg,animals,0
4207592054.jpg,urban,0
275494519.jpg,people,0
7932857380.jpg,urban,0
7104218829.jpg,people,0
275371614.jpg,animals,0
4884436300.jpg,nature,0
7172683565.jpg,people,0
4192025905.jpg,urban,0
4222082761.jpg,animals,0
3361232942.jpg,animals,0
4818947103.jpg,animals,0
5874766975.jpg,urban,0
306764375.jpg,animals,0
4449306441.jpg,animals,0
515455499.jpg,people,0
7549861774.jpg,urban,0
5006387764.jpg,animals,0
6814042806.jpg,animals,0
4781269410.jpg,people,0
7662455406.jpg,nature,0
7012305755.jpg,people,0
3546513105.jpg,animals,0
5208461861.jpg,nature,0
8077489828.jpg,nature,0
3174108277.jpg,animals,0
3362861053.jpg,nature,0
2439957317.jpg,animals,0
3094116862.jpg,nature,0
3909139716.jpg,people,0
1887421380.jpg,nature,0
1048383969.jpg,people,0
7062791117.jpg,nature,0
131917531.jpg,people,0
4209951622.jpg,nature,0
11060554.jpg,urban,0
7726210022.jpg,urban,0
5397829742.jpg,urban,0
4741720197.jpg,animals,0
2977690954.jpg,people,0
2836216725.jpg,people,0
15975916.jpg,people,0
6078035487.jpg,urban,0
8274944911.jpg,animals,0
7640886070.jpg,people,0
5884943723.jpg,people,0
2789917931.jpg,urban,0
3169946.jpg,animals,0
272139246.jpg,people,0
4839637109.jpg,nature,0
4073115802.jpg,people,0
8077857810.jpg,urban,0
8154193407.jpg,urban,0
185126151.jpg,animals,0
5346876651.jpg,people,0
8211386418.jpg,urban,0
63529070.jpg,urban,0
8004171412.jpg,urban,0
3500285361.jpg,animals,0
3285349556.jpg,people,0
2991346984.jpg,people,0
318312861.jpg,people,0
4307440321.jpg,urban,0
5584430423.jpg,nature,0
4237104537.jpg,urban,0
90580600.jpg,urban,0
4648326084.jpg,nature,0
6703482703.jpg,urban,0
210287646.jpg,people,0
4551645670.jpg,people,0
2058379678.jpg,urban,0
8227705.jpg,animals,0
157427381.jpg,animals,0
2906341548.jpg,animals,0
6764683711.jpg,urban,0
8208500591.jpg,animals,0
5949188051.jpg,urban,0
133952547.jpg,urban,0
7004903444.jpg,animals,0
3967328897.jpg,nature,0
6736249831.jpg,people,0
5341078196.jpg,people,0
4961433369.jpg,nature,0
4949414423.jpg,nature,0
5960443038.jpg,people,0
3140606459.jpg,animals,0
4781933533.jpg,urban,0
2885185925.jpg,nature,0
8267118152.jpg,people,0
3532638371.jpg,nature,0
6702195557.jpg,animals,0
6216819634.jpg,urban,0
5113836904.jpg,people,0
6215441151.jpg,animals,0
6959318403.jpg,animals,0
4307458747.jpg,animals,0
174162219.jpg,animals,0
6024713733.jpg,people,0
1570935236.jpg,animals,0
2451321421.jpg,people,0
5625307637.jpg,animals,0
3806438897.jpg,urban,0
3544412908.jpg,animals,0
346483297.jpg,urban,0
424216933.jpg,animals,0
4365834499.jpg,nature,0
6400800933.jpg,animals,0
6169947628.jpg,urban,0
4688790209.jpg,nature,0
2250263137.jpg,people,0
2838345776.jpg,nature,0
3415740065.jpg,people,0
3475579719.jpg,people,0
13212044.jpg,people,0
3395518515.jpg,nature,0
2199048620.jpg,nature,0
2818189924.jpg,people,0
301331097.jpg,nature,0
2080046687.jpg,nature,0
425065503.jpg,urban,0
1778861574.jpg,animals,0
6816484645.jpg,urban,0
401778482.jpg,people,0
515889466.jpg,nature,0
5632275595.jpg,people,0
6848789182.jpg,animals,0
11065740.jpg,urban,0
2427778046.jpg,nature,0
3431536980.jpg,animals,0
2608783930.jpg,animals,0
4362765438.jpg,urban,0
6841899055.jpg,people,0
3892513412.jpg,nature,0
5429743358.jpg,urban,0
2766249211.jpg,nature,0
3093193451.jpg,nature,0
3281690941.jpg,people,0
3681031079.jpg,urban,0
4314013100.jpg,urban,0
4330253286.jpg,urban,0
5923014561.jpg,urban,0
2920402392.jpg,nature,0
235634565.jpg,nature,0
3626765148.jpg,nature,0
5947246640.jpg,nature,0
5726637660.jpg,animals,0
4899795767.jpg,nature,0
6084071885.jpg,people,0
8216313088.jpg,nature,0
3277485838.jpg,people,0
6789797510.jpg,people,0
79251602.jpg,people,0
5785673760.jpg,nature,0
2356846923.jpg,people,0
8068569785.jpg,urban,0
168433479.jpg,nature,0
6300381822.jpg,people,0
39726004.jpg,people,0
3800217855.jpg,nature,0
4902861928.jpg,nature,0
8064355077.jpg,urban,0
2126678478.jpg,people,0
2995878486.jpg,animals,0
2981523160.jpg,animals,0
4067523791.jpg,animals,0
2611954333.jpg,people,0
2456518228.jpg,people,0
6295422299.jpg,nature,0
5355927666.jpg,animals,0
5346871247.jpg,people,0
2611152984.jpg,nature,0
8409434392.jpg,nature,0
3235177007.jpg,animals,0
3860781056.jpg,urban,0
4327808040.jpg,urban,0
1346099311.jpg,urban,0
7271980.jpg,nature,0
3607169189.jpg,nature,0
8081928766.jpg,urban,0
5686680546.jpg,people,0
5242859788.jpg,people,0
3524284327.jpg,people,0
8483754857.jpg,urban,0
5721278601.jpg,nature,0
4142657255.jpg,nature,0
4746617.jpg,people,0
4250717184.jpg,nature,0
7614026016.jpg,people,0
4306776102.jpg,urban,0
6990690572.jpg,people,0
4219075946.jpg,animals,0
239168376.jpg,people,0
4693164330.jpg,nature,0
683978475.jpg,people,0
5786223890.jpg,nature,0
5806943662.jpg,animals,0
6386258511.jpg,nature,0
4162974837.jpg,urban,0
3422915985.jpg,nature,0
3133956013.jpg,animals,0
5161053529.jpg,urban,0
7819891778.jpg,urban,0
5243010218.jpg,urban,0
4119945903.jpg,urban,0
97353001.jpg,urban,0
1461706344.jpg,people,0
5341077756.jpg,people,0
5364352334.jpg,urban,0
6570869045.jpg,urban,0
4290518094.jpg,urban,0
4191297781.jpg,nature,0
4037334809.jpg,people,0
6433762815.jpg,urban,0
5346882565.jpg,people,0
7173025592.jpg,animals,0
1253295088.jpg,animals,0
244219219.jpg,animals,0
94849814.jpg,people,0
2726768247.jpg,animals,0
6840700257.jpg,urban,0
5606433636.jpg,urban,0
3533478702.jpg,urban,0
5371506446.jpg,people,0
474833570.jpg,nature,0
4943968485.jpg,nature,0
4132416000.jpg,urban,0
7305186354.jpg,people,0
7686697742.jpg,people,0
4970681991.jpg,nature,0
2417725468.jpg,urban,0
7975176418.jpg,people,0
2754858320.jpg,people,0
5662061088.jpg,animals,0
5178429585.jpg,animals,0
3120128855.jpg,people,0
5817519879.jpg,nature,0
3176245279.jpg,animals,0
4299046564.jpg,people,0
8265279108.jpg,people,0
3369093330.jpg,animals,0
5292058990.jpg,urban,0
7250975178.jpg,people,0
5377352222.jpg,people,0
2539179098.jpg,nature,0
4956171513.jpg,animals,0
6388968855.jpg,animals,0
5346876861.jpg,people,0
3634253052.jpg,animals,0
4267741166.jpg,people,0
7059528975.jpg,nature,0
8469570796.jpg,urban,0
4665795222.jpg,urban,0
5304671691.jpg,animals,0
2421644309.jpg,animals,0
7023551631.jpg,urban,0
2071431325.jpg,nature,0
3485380621.jpg,animals,0
4038645363.jpg,nature,0
4656411029.jpg,nature,0
8260725036.jpg,nature,0
3231782486.jpg,urban,0
3384837129.jpg,people,0
8225658597.jpg,urban,0
8030430863.jpg,urban,0
320107128.jpg,people,0
4454886217.jpg,animals,0
3139958251.jpg,people,0
366288719.jpg,nature,0
5481480425.jpg,people,0
2901622268.jpg,people,0
4788441955.jpg,urban,0
4858508540.jpg,nature,0
3874644525.jpg,urban,0
231315215.jpg,people,0
6938370934.jpg,urban,0
2225544200.jpg,people,0
6269083955.jpg,people,0
3647308089.jpg,people,0
13205125.jpg,animals,0
320838630.jpg,people,0
2827345214.jpg,people,0
7141968369.jpg,animals,0
2103437000.jpg,urban,0
8076043429.jpg,nature,0
375764114.jpg,nature,0
2349758304.jpg,nature,0
2312039503.jpg,people,0
373746857.jpg,people,0
3553092702.jpg,animals,0
1367863371.jpg,people,0
6496335013.jpg,urban,0
5165415055.jpg,urban,0
7989835842.jpg,people,0
7817951130.jpg,nature,0
5945516628.jpg,urban,0
8317711188.jpg,people,0
5871384792.jpg,animals,0
3309239162.jpg,people,0
6579828759.jpg,people,0
6534696709.jpg,animals,0
2373186216.jpg,animals,0
5345386663.jpg,people,0
6594289237.jpg,people,0
8389982858.jpg,nature,0
4466061319.jpg,people,0
224788352.jpg,people,0
3308019077.jpg,nature,0
3208245568.jpg,nature,0
7153599681.jpg,urban,0
371418158.jpg,people,0
3937069551.jpg,urban,0
2793631238.jpg,people,0
250274838.jpg,people,0
49185386.jpg,people,0
4290835988.jpg,urban,0
2993554040.jpg,animals,0
4274903913.jpg,urban,0
3557466757.jpg,people,0
5108866936.jpg,animals,0
8530514.jpg,nature,0
298220758.jpg,nature,0
2269532383.jpg,people,0
4161320816.jpg,people,0
6697937801.jpg,nature,0
2337996490.jpg,people,0
5672480.jpg,nature,1
1340092056.jpg,nature,1
2847702885.jpg,people,1
5074487056.jpg,people,1
4042365053.jpg,urban,1
2613424677.jpg,urban,1
5456878980.jpg,nature,1
4953858698.jpg,urban,1
355080974.jpg,nature,1
5088693782.jpg,animals,1
2924595714.jpg,animals,1
4561943557.jpg,people,1
7803396016.jpg,animals,1
7004045097.jpg,nature,1
5401234806.jpg,urban,1
4715266129.jpg,urban,1
8287952418.jpg,people,1
8399487379.jpg,urban,1
4372435069.jpg,people,1
3543532444.jpg,nature,1
8012009751.jpg,nature,1
2308780208.jpg,people,1
6927472693.jpg,nature,1
7815876676.jpg,animals,1
80577370.jpg,people,1
7878577728.jpg,people,1
5977328338.jpg,people,1
266196780.jpg,animals,1
6401644875.jpg,people,1
6185429622.jpg,animals,1
8001425624.jpg,people,1
2619072141.jpg,nature,1
1155935557.jpg,urban,1
4204118038.jpg,people,1
3716581243.jpg,animals,1
5341084642.jpg,people,1
98557412.jpg,urban,1
801453235.jpg,urban,1
5107124217.jpg,people,1
351176568.jpg,urban,1
5362424860.jpg,urban,1
2798269301.jpg,urban,1
2438076798.jpg,nature,1
5046934714.jpg,animals,1
5319645646.jpg,animals,1
6183984200.jpg,nature,1
4826978430.jpg,urban,1
7007085090.jpg,animals,1
2077705896.jpg,animals,1
43442464.jpg,people,1
8248242322.jpg,nature,1
6969256481.jpg,nature,1
5490700946.jpg,nature,1
6044585820.jpg,nature,1
4485317782.jpg,nature,1
7803453252.jpg,animals,1
4305752933.jpg,nature,1
6820129791.jpg,people,1
5124336314.jpg,urban,1
4532284969.jpg,nature,1
5347487942.jpg,people,1
6923323192.jpg,people,1
51238726.jpg,nature,1
256190513.jpg,nature,1
3346608648.jpg,nature,1
7515032866.jpg,nature,1
7207181988.jpg,urban,1
7635106420.jpg,nature,1
3545250272.jpg,urban,1
4203649727.jpg,urban,1
5050022945.jpg,nature,1
8158523944.jpg,urban,1
129017587.jpg,nature,1
8029659482.jpg,urban,1
6951694314.jpg,nature,1
3578637277.jpg,urban,1
4315309235.jpg,people,1
1353283617.jpg,nature,1
7862949982.jpg,urban,1
3425839754.jpg,animals,1
5454480326.jpg,people,1
6051000888.jpg,nature,1
5712673740.jpg,nature,1
6087875843.jpg,nature,1
5676626808.jpg,nature,1
5807384878.jpg,people,1
3986996970.jpg,nature,1
5621117240.jpg,people,1
5979777221.jpg,people,1
8044896190.jpg,urban,1
500311808.jpg,urban,1
6162532925.jpg,urban,1
6459388839.jpg,people,1
8010608.jpg,animals,1
7602743480.jpg,animals,1
6280320491.jpg,nature,1
11038946.jpg,animals,1
3508270614.jpg,nature,1
2360237841.jpg,nature,1
6032645605.jpg,nature,1
2759678988.jpg,urban,1
2044072792.jpg,people,1
6071291737.jpg,urban,1
6104747474.jpg,urban,1
228967110.jpg,people,1
3193930177.jpg,nature,1
1404688554.jpg,animals,1
3923633812.jpg,nature,1
5137387950.jpg,urban,1
5036866720.jpg,nature,1
5867803775.jpg,nature,1
518052112.jpg,animals,1
5796807545.jpg,people,1
821156759.jpg,animals,1
5659360523.jpg,urban,1
8281374383.jpg,urban,1
307928976.jpg,people,1
228806852.jpg,nature,1
5437783200.jpg,urban,1
4753544129.jpg,urban,1
6194904039.jpg,urban,1
5994310769.jpg,nature,1
5299475856.jpg,nature,1
8404613791.jpg,urban,1
4945577041.jpg,animals,1
6101039949.jpg,urban,1
169095222.jpg,animals,1
5699385130.jpg,people,1
5997360761.jpg,urban,1
5589172048.jpg,nature,1
291747206.jpg,nature,1
4433906242.jpg,nature,1
471743671.jpg,urban,1
2613024305.jpg,urban,1
398057395.jpg,people,1
1748455550.jpg,nature,1
4411243341.jpg,urban,1
6228153620.jpg,people,1
5782713903.jpg,nature,1
7923892588.jpg,people,1
7238499206.jpg,people,1
8024275978.jpg,people,1
7967718392.jpg,people,1
7314143720.jpg,animals,1
8069104075.jpg,people,1
2433642847.jpg,animals,1
6971648356.jpg,people,1
6015298510.jpg,animals,1
8167032926.jpg,animals,1
2766593231.jpg,nature,1
2271766050.jpg,nature,1
8240510563.jpg,people,1
6619483703.jpg,urban,1
5193970354.jpg,urban,1
39281386.jpg,nature,1
7718532386.jpg,urban,1
5367958662.jpg,people,1
4470846885.jpg,urban,1
3133039212.jpg,people,1
3260036565.jpg,animals,1
3363191780.jpg,urban,1
6053989189.jpg,urban,1
5504102466.jpg,animals,1
470608555.jpg,animals,1
3347803491.jpg,nature,1
4611873167.jpg,people,1
262893197.jpg,nature,1
3329472030.jpg,urban,1
2601219984.jpg,nature,1
7749681666.jpg,urban,1
4233447133.jpg,nature,1
3274734173.jpg,nature,1
1805615841.jpg,nature,1
6697804365.jpg,animals,1
5994213337.jpg,nature,1
6392649185.jpg,people,1
4850830868.jpg,urban,1
6313059775.jpg,people,1
8539915386.jpg,animals,1
4571445098.jpg,animals,1
7046002915.jpg,animals,1
4512486679.jpg,nature,1
1351892415.jpg,people,1
5452354329.jpg,urban,1
2855999959.jpg,people,1
3307021575.jpg,animals,1
1438266048.jpg,animals,1
7507547482.jpg,nature,1
228161549.jpg,people,1
4177373397.jpg,nature,1
6107292337.jpg,people,1
60634723.jpg,nature,1
8169624178.jpg,animals,1
447605474.jpg,urban,1
981287240.jpg,nature,1
991802486.jpg,nature,1
3715864425.jpg,urban,1
3290442133.jpg,nature,1
2168632323.jpg,nature,1
2216577171.jpg,nature,1
213974617.jpg,animals,1
7511096660.jpg,people,1
4838796923.jpg,nature,1
6536991379.jpg,nature,1
6788438603.jpg,urban,1
7802852918.jpg,urban,1
6351491893.jpg,urban,1
4133416192.jpg,urban,1
3088452517.jpg,animals,1
7703463702.jpg,people,1
5005820441.jpg,people,1
198517360.jpg,nature,1
1809494614.jpg,urban,1
5143235809.jpg,nature,1
3398011101.jpg,nature,1
372793974.jpg,animals,1
6100883151.jpg,urban,1
3700628830.jpg,nature,1
426578345.jpg,urban,1
7156745216.jpg,nature,1
4781636220.jpg,nature,1
3614808029.jpg,animals,1
4790975547.jpg,urban,1
4485302271.jpg,nature,1
5767164318.jpg,animals,1
3460211677.jpg,nature,1
4085733067.jpg,nature,1
3033183446.jpg,animals,1
4622571031.jpg,animals,1
2893720036.jpg,urban,1
8363956897.jpg,animals,1
3966410347.jpg,animals,1
7194390290.jpg,people,1
778431470.jpg,urban,1
299375501.jpg,animals,1
5339391707.jpg,people,1
6949321679.jpg,nature,1
7386972330.jpg,people,1
518339309.jpg,animals,1
168750452.jpg,nature,1
1804981089.jpg,animals,1
6329127649.jpg,nature,1
122540269.jpg,nature,1
6910224290.jpg,urban,1
2760125164.jpg,people,1
5628360310.jpg,people,1
5523346295.jpg,people,1
7779410648.jpg,animals,1
2925538493.jpg,urban,1
3320027413.jpg,animals,1
7147913333.jpg,urban,1
6047258500.jpg,urban,1
5120882422.jpg,nature,1
6018550654.jpg,urban,1
5228240879.jpg,urban,1
3033483602.jpg,urban,1
8079102320.jpg,people,1
3268733614.jpg,animals,1
768981498.jpg,animals,1
327120283.jpg,urban,1
2666089084.jpg,animals,1
2789755851.jpg,nature,1
397768296.jpg,animals,1
216581906.jpg,nature,1
3336304157.jpg,animals,1
5263627910.jpg,urban,1
5831344603.jpg,urban,1
2800640298.jpg,people,1
4365057088.jpg,urban,1
6316040112.jpg,people,1
5049540305.jpg,urban,1
4275518572.jpg,urban,1
6993955816.jpg,people,1
4060303736.jpg,animals,1
3932241846.jpg,nature,1
7405410176.jpg,nature,1
6167919498.jpg,people,1
6367058911.jpg,animals,1
316022684.jpg,urban,1
8355913250.jpg,urban,1
2816108674.jpg,nature,1
2688118602.jpg,urban,1
5680650073.jpg,nature,1
7879372786.jpg,people,1
8483273016.jpg,nature,1
2898221215.jpg,animals,1
4606809199.jpg,urban,1
4574885117.jpg,nature,1
2971331735.jpg,nature,1
6670246297.jpg,people,1
7618348488.jpg,animals,1
6312179420.jpg,people,1
7914654158.jpg,people,1
8264862896.jpg,urban,1
5627750442.jpg,urban,1
165132469.jpg,nature,1
3203974817.jpg,people,1
4944520276.jpg,people,1
5001785796.jpg,urban,1
5953606895.jpg,urban,1
4125238199.jpg,nature,1
1808262453.jpg,urban,1
3223658435.jpg,people,1
177104112.jpg,people,1
4258294049.jpg,urban,1
7835324090.jpg,urban,1
7390268984.jpg,animals,1
2416293382.jpg,people,1
6512362839.jpg,urban,1
5394764689.jpg,nature,1
5321679238.jpg,nature,1
6133204645.jpg,people,1
382223696.jpg,animals,1
4363433539.jpg,urban,1
318245036.jpg,nature,1
62716652.jpg,animals,1
8427734081.jpg,nature,1
5328346522.jpg,urban,1
5664554067.jpg,people,1
2049277913.jpg,nature,1
6102016223.jpg,animals,1
6832507120.jpg,people,1
2230595994.jpg,animals,1
3563368182.jpg,nature,1
4365863101.jpg,nature,1
2579388831.jpg,nature,1
2307859085.jpg,nature,1
4972455179.jpg,people,1
2181337664.jpg,urban,1
4021703209.jpg,nature,1
8498376019.jpg,animals,1
2851827265.jpg,animals,1
7420569278.jpg,nature,1
5401182928.jpg,nature,1
2053863013.jpg,urban,1
412637740.jpg,animals,1
7526417760.jpg,nature,1
2967212242.jpg,urban,1
7787334616.jpg,animals,1
6979070421.jpg,urban,1
7096275533.jpg,urban,1
5872553323.jpg,animals,1
2995519488.jpg,nature,1
1436605765.jpg,urban,1
7273712452.jpg,nature,1
8127956973.jpg,nature,1
7301034514.jpg,nature,1
409820499.jpg,urban,1
3186268005.jpg,animals,1
7062707089.jpg,people,1
3018353745.jpg,animals,1
5112350892.jpg,people,1
2720461233.jpg,urban,1
8370811564.jpg,nature,1
6073431641.jpg,nature,1
6907765056.jpg,people,1
3105146774.jpg,urban,1
3428408145.jpg,nature,1
8166547355.jpg,animals,1
6263443824.jpg,urban,1
6876370290.jpg,nature,1
5145760771.jpg,animals,1
8082747408.jpg,animals,1
8415468225.jpg,nature,1
6041062292.jpg,nature,1
2623710923.jpg,nature,1
3035051792.jpg,people,1
5025096885.jpg,nature,1
4085691055.jpg,nature,1
3076160995.jpg,people,1
1394362374.jpg,urban,1
6888358327.jpg,nature,1
3694227082.jpg,nature,1
4575621083.jpg,nature,1
7504867896.jpg,people,1
3783953248.jpg,nature,1
6993400083.jpg,people,1
5932453050.jpg,nature,1
5523252090.jpg,people,1
4867406460.jpg,animals,1
6061861109.jpg,animals,1
1260359661.jpg,urban,1
7709743638.jpg,nature,1
8409434518.jpg,animals,1
7118139265.jpg,urban,1
3183103391.jpg,people,1
4813844997.jpg,nature,1
4710413781.jpg,nature,1
5468847548.jpg,nature,1
2293095385.jpg,animals,1
5534675265.jpg,urban,1
5224027936.jpg,urban,1
5358549373.jpg,animals,1
193874852.jpg,nature,1
1188311124.jpg,urban,1
5985866910.jpg,people,1
2367900069.jpg,nature,1
7156379583.jpg,animals,1
2965791458.jpg,nature,1
319540952.jpg,animals,1
2389292828.jpg,urban,1
5601098063.jpg,animals,1
8469903388.jpg,people,1
2316281972.jpg,urban,1
4973362930.jpg,nature,1
28724855.jpg,people,1
5616201715.jpg,nature,1
2710768356.jpg,nature,1
7041333077.jpg,urban,1
7429072290.jpg,people,1
8526048249.jpg,urban,1
8192860318.jpg,people,1
5931958918.jpg,urban,1
6898401669.jpg,animals,1
5343179445.jpg,urban,1
8257944342.jpg,urban,1
7863336702.jpg,urban,1
90497388.jpg,animals,1
4885420568.jpg,nature,1
4345546900.jpg,urban,1
6801709262.jpg,urban,1
4174006622.jpg,nature,1
383593416.jpg,nature,1
4993073210.jpg,people,1
8182685717.jpg,people,1
8229842665.jpg,urban,1
7781850866.jpg,people,1
697890818.jpg,animals,1
8471756087.jpg,nature,1
2472136674.jpg,animals,1
4035559535.jpg,animals,1
5832114346.jpg,people,1
5583612297.jpg,animals,1
3602107677.jpg,people,1
3165625391.jpg,animals,1
2766723206.jpg,urban,1
7528842310.jpg,urban,1
3834636951.jpg,urban,1
5177721492.jpg,animals,1
4957131253.jpg,people,1
2096424007.jpg,nature,1
6636078967.jpg,people,1
6171982206.jpg,urban,1
5505778499.jpg,people,1
8156271068.jpg,urban,1
429018852.jpg,nature,1
6434244079.jpg,nature,1
6185803621.jpg,nature,1
3224622579.jpg,nature,1
7146171953.jpg,people,1
2349934729.jpg,nature,1
3988073364.jpg,animals,1
4554469673.jpg,nature,1
3783953702.jpg,nature,1
7794213096.jpg,nature,1
5933288302.jpg,people,1
2629448145.jpg,urban,1
7655974560.jpg,animals,1
352957831.jpg,urban,1
4251886367.jpg,people,1
52158537.jpg,urban,1
3012057424.jpg,animals,1
314277448.jpg,animals,1
5529851657.jpg,people,1
8349684742.jpg,nature,1
8490101382.jpg,nature,1
3378392452.jpg,people,1
7897477952.jpg,animals,1
110253683.jpg,nature,1
8131963943.jpg,nature,1
3500121696.jpg,nature,1
8938491.jpg,animals,1
2480955921.jpg,animals,1
3672436758.jpg,urban,1
3168333110.jpg,animals,1
5234960444.jpg,urban,1
6065706800.jpg,urban,1
3591972947.jpg,urban,1
6839033465.jpg,urban,1
3775101741.jpg,nature,1
6685235701.jpg,urban,1
4405831055.jpg,nature,1
4258222118.jpg,people,1
3891262100.jpg,nature,1
3714898655.jpg,nature,1
2052730079.jpg,nature,1
7868693764.jpg,people,1
3154665822.jpg,animals,1
2486937346.jpg,people,1
4859562486.jpg,nature,1
6842215248.jpg,urban,1
4099298840.jpg,animals,1
3014000369.jpg,nature,1
7383428640.jpg,nature,1
2287411195.jpg,urban,1
4231515205.jpg,people,1
3912685897.jpg,nature,1
5517093538.jpg,nature,1
5864195780.jpg,nature,2
5406120849.jpg,urban,2
7454407976.jpg,people,2
3600038049.jpg,people,2
8346948390.jpg,animals,2
3750538376.jpg,urban,2
2895480661.jpg,people,2
429395838.jpg,nature,2
2115782565.jpg,nature,2
5918193094.jpg,urban,2
2606180879.jpg,urban,2
5571459058.jpg,people,2
3303436109.jpg,people,2
8467198867.jpg,animals,2
5428420464.jpg,nature,2
2766697546.jpg,animals,2
328629227.jpg,people,2
5774703616.jpg,urban,2
3593472352.jpg,nature,2
4826603849.jpg,urban,2
8363636802.jpg,people,2
4565062210.jpg,animals,2
4295888075.jpg,people,2
5352866440.jpg,urban,2
2835902406.jpg,nature,2
5812658389.jpg,animals,2
6083190433.jpg,nature,2
3790735173.jpg,urban,2
1812650937.jpg,nature,2
8086246310.jpg,animals,2
4821511245.jpg,animals,2
318635066.jpg,nature,2
2611081065.jpg,animals,2
510876919.jpg,nature,2
3402074432.jpg,nature,2
5096035431.jpg,nature,2
6042764989.jpg,animals,2
5211594151.jpg,animals,2
4726044690.jpg,animals,2
316301865.jpg,nature,2
5071651601.jpg,animals,2
2735484527.jpg,nature,2
4233625004.jpg,animals,2
3738312160.jpg,people,2
5398544678.jpg,nature,2
2634390633.jpg,animals,2
4883472804.jpg,animals,2
8143898803.jpg,animals,2
4234929054.jpg,nature,2
8081466807.jpg,nature,2
2205426259.jpg,nature,2
8073729547.jpg,animals,2
3695222049.jpg,nature,2
8475766971.jpg,urban,2
8072734582.jpg,people,2
5082436845.jpg,urban,2
8386569861.jpg,nature,2
3442428015.jpg,nature,2
6891075499.jpg,people,2
8156222583.jpg,people,2
4903728276.jpg,people,2
2827854041.jpg,animals,2
6996446936.jpg,urban,2
2988135870.jpg,urban,2
6582689819.jpg,animals,2
6487797241.jpg,animals,2
4611181320.jpg,urban,2
99737981.jpg,nature,2
3742452070.jpg,people,2
6473464791.jpg,urban,2
7570589668.jpg,people,2
8126314216.jpg,people,2
7529011646.jpg,urban,2
5687043121.jpg,nature,2
6265088486.jpg,people,2
6843420958.jpg,urban,2
4872565347.jpg,animals,2
8496283992.jpg,animals,2
5064753185.jpg,urban,2
1352975047.jpg,animals,2
3008405073.jpg,animals,2
5375974151.jpg,nature,2
7329540498.jpg,animals,2
8469844629.jpg,animals,2
8212032021.jpg,nature,2
7343968702.jpg,animals,2
2417028978.jpg,urban,2
448630630.jpg,urban,2
7618626884.jpg,urban,2
7278843542.jpg,animals,2
2588218488.jpg,urban,2
1830758319.jpg,animals,2
5302633780.jpg,nature,2
2545197033.jpg,animals,2
2934177188.jpg,animals,2
3602449894.jpg,nature,2
8109813002.jpg,nature,2
2654449983.jpg,people,2
2181170020.jpg,people,2
6368733783.jpg,nature,2
5469253558.jpg,urban,2
5487847236.jpg,urban,2
7500252106.jpg,people,2
7908934222.jpg,people,2
6243973505.jpg,animals,2
356715278.jpg,nature,2
5966130167.jpg,animals,2
5322049346.jpg,urban,2
5280901078.jpg,nature,2
5655825355.jpg,animals,2
8281013920.jpg,nature,2
4370896176.jpg,nature,2
2594499045.jpg,animals,2
8210939038.jpg,nature,2
5922090690.jpg,animals,2
6346595359.jpg,animals,2
5862781159.jpg,people,2
5115307119.jpg,nature,2
6102686695.jpg,urban,2
5170124687.jpg,nature,2
6776995598.jpg,urban,2
6586396975.jpg,people,2
3837358024.jpg,people,2
3714205242.jpg,nature,2
8013121248.jpg,animals,2
7583213426.jpg,animals,2
3655665447.jpg,animals,2
5699638575.jpg,animals,2
3967902051.jpg,nature,2
4305855415.jpg,nature,2
7568098788.jpg,animals,2
4292173289.jpg,urban,2
409903774.jpg,animals,2
5308910563.jpg,urban,2
3605295695.jpg,nature,2
5307703870.jpg,people,2
452116693.jpg,nature,2
2618367873.jpg,people,2
7315987476.jpg,animals,2
3157508283.jpg,animals,2
4376334533.jpg,animals,2
8005229961.jpg,nature,2
6544107509.jpg,animals,2
2690172347.jpg,animals,2
2357526873.jpg,urban,2
2791527197.jpg,nature,2
3686782886.jpg,urban,2
6508135397.jpg,nature,2
5006815464.jpg,urban,2
2846457605.jpg,animals,2
2548824006.jpg,animals,2
3909074878.jpg,nature,2
8263646022.jpg,animals,2
5837015193.jpg,urban,2
7182690700.jpg,people,2
2541749572.jpg,nature,2
7328617462.jpg,people,2
4916282639.jpg,nature,2
6213527765.jpg,animals,2
4518620887.jpg,animals,2
3393590553.jpg,nature,2
2660799652.jpg,animals,2
8541702148.jpg,animals,2
8185351844.jpg,urban,2
5943717196.jpg,people,2
7683016632.jpg,people,2
6020479795.jpg,animals,2
8050074307.jpg,nature,2
6990792534.jpg,nature,2
6443105257.jpg,animals,2
3650506096.jpg,nature,2
1069809120.jpg,nature,2
3213077547.jpg,animals,2
8212180678.jpg,urban,2
2870750205.jpg,urban,2
111184510.jpg,people,2
76192528.jpg,nature,2
4827914022.jpg,nature,2
8133907500.jpg,nature,2
7477017058.jpg,people,2
3753235172.jpg,people,2
5817419967.jpg,nature,2
5575350005.jpg,animals,2
1314692159.jpg,urban,2
5101288014.jpg,nature,2
466440988.jpg,animals,2
6905775214.jpg,animals,2
2170389511.jpg,animals,2
481709416.jpg,nature,2
6548030437.jpg,urban,2
2631978985.jpg,animals,2
271826059.jpg,urban,2
6787263468.jpg,urban,2
5924341637.jpg,urban,2
7151302797.jpg,people,2
3469407108.jpg,urban,2
4824568810.jpg,nature,2
2732484040.jpg,animals,2
8385916185.jpg,urban,2
8460278267.jpg,people,2
4401299142.jpg,animals,2
5855297178.jpg,animals,2
5498247830.jpg,nature,2
2306158.jpg,urban,2
3497018696.jpg,nature,2
4251034640.jpg,animals,2
6959228259.jpg,nature,2
5082872713.jpg,animals,2
8114288763.jpg,animals,2
1829887649.jpg,urban,2
3104813808.jpg,animals,2
7184077145.jpg,nature,2
1966814694.jpg,urban,2
6213945991.jpg,nature,2
6351277586.jpg,urban,2
8399198150.jpg,urban,2
2215343914.jpg,urban,2
5967681439.jpg,nature,2
5451054671.jpg,animals,2
3372625609.jpg,nature,2
2942800533.jpg,urban,2
2902843865.jpg,people,2
467249796.jpg,urban,2
7928294718.jpg,nature,2
5567877048.jpg,people,2
2214286789.jpg,urban,2
5970715172.jpg,urban,2
2872898387.jpg,nature,2
3336227189.jpg,animals,2
4292064445.jpg,nature,2
6967920914.jpg,nature,2
2456394756.jpg,animals,2
6789639121.jpg,people,2
8189239135.jpg,people,2
6477308429.jpg,animals,2
2524838408.jpg,nature,2
6029095500.jpg,urban,2
6260329772.jpg,nature,2
524341436.jpg,nature,2
8353160740.jpg,urban,2
8310033402.jpg,people,2
2213592610.jpg,urban,2
5684595639.jpg,animals,2
2939712003.jpg,people,2
3381416906.jpg,nature,2
8039179792.jpg,nature,2
5921129575.jpg,urban,2
4824837977.jpg,nature,2
8413192856.jpg,nature,2
3951044764.jpg,animals,2
3708266641.jpg,nature,2
2089350454.jpg,animals,2
7468677936.jpg,nature,2
7314760410.jpg,urban,2
2478396682.jpg,nature,2
8218894607.jpg,urban,2
7477049168.jpg,people,2
6515997025.jpg,animals,2
2373938125.jpg,animals,2
2326482028.jpg,nature,2
3195853016.jpg,animals,2
3768352566.jpg,urban,2
2057867344.jpg,urban,2
5828680829.jpg,urban,2
8384382125.jpg,nature,2
854536275.jpg,urban,2
8093277127.jpg,people,2
4434557691.jpg,urban,2
5642151900.jpg,urban,2
6476528333.jpg,people,2
8396515084.jpg,animals,2
8152944404.jpg,people,2
8439883880.jpg,people,2
8277372854.jpg,nature,2
3724784506.jpg,nature,2
6869969877.jpg,urban,2
212086553.jpg,animals,2
3455018543.jpg,nature,2
3387876484.jpg,nature,2
27568206.jpg,nature,2
3018626829.jpg,animals,2
6586679123.jpg,people,2
8187421695.jpg,urban,2
4139178000.jpg,nature,2
1366773795.jpg,animals,2
7477294278.jpg,animals,2
2759256791.jpg,nature,2
4823634093.jpg,animals,2
8133317201.jpg,people,2
6152965983.jpg,nature,2
7316208938.jpg,nature,2
2556655144.jpg,animals,2
5694387822.jpg,people,2
7173720644.jpg,urban,2
7785161400.jpg,urban,2
106337895.jpg,nature,2
4983478693.jpg,nature,2
116382077.jpg,people,2
5632371671.jpg,nature,2
2722353070.jpg,people,2
6274133292.jpg,people,2
513537698.jpg,animals,2
6212600651.jpg,animals,2
4090353707.jpg,urban,2
3400629645.jpg,nature,2
2545785034.jpg,urban,2
5672401518.jpg,urban,2
2061248987.jpg,animals,2
469337656.jpg,people,2
3592140288.jpg,animals,2
8289291544.jpg,nature,2
6407390293.jpg,urban,2
2744016741.jpg,urban,2
3765904789.jpg,nature,2
6291281029.jpg,urban,2
23900433.jpg,people,2
7584372246.jpg,people,2
4780902042.jpg,animals,2
8083561956.jpg,animals,2
4037487425.jpg,nature,2
8532766536.jpg,people,2
2574245725.jpg,nature,2
372338580.jpg,people,2
5533254548.jpg,urban,2
4822296978.jpg,animals,2
7170190737.jpg,animals,2
3090534472.jpg,urban,2
6810054865.jpg,urban,2
4668007619.jpg,nature,2
8439256752.jpg,animals,2
145039144.jpg,nature,2
8275064515.jpg,urban,2
2652873418.jpg,animals,2
3643964334.jpg,animals,2
8515372264.jpg,nature,2
2388560622.jpg,animals,2
6426845893.jpg,urban,2
8327953220.jpg,urban,2
8035718851.jpg,urban,2
5485811841.jpg,animals,2
3198961928.jpg,animals,2
4339777150.jpg,animals,2
3316659004.jpg,nature,2
6776586527.jpg,people,2
3996840485.jpg,urban,2
3245738358.jpg,people,2
8043172659.jpg,urban,2
6331510050.jpg,urban,2
8394118490.jpg,people,2
5001681762.jpg,people,2
4647544802.jpg,urban,2
8505123249.jpg,urban,2
6879100386.jpg,animals,2
6109835566.jpg,animals,2
5562458315.jpg,people,2
5820616142.jpg,urban,2
7894384434.jpg,urban,2
6943239829.jpg,nature,2
5511549536.jpg,urban,2
7120931649.jpg,animals,2
1863103546.jpg,animals,2
8266835599.jpg,nature,2
504917310.jpg,nature,2
4987278761.jpg,animals,2
7496633142.jpg,people,2
5830308629.jpg,people,2
4901841109.jpg,animals,2
2343945783.jpg,nature,2
6406397267.jpg,nature,2
4848306019.jpg,nature,2
3653183069.jpg,animals,2
2704106332.jpg,urban,2
5045106447.jpg,people,2
6750886863.jpg,nature,2
7172844608.jpg,animals,2
6232017429.jpg,animals,2
2547855075.jpg,animals,2
5854574536.jpg,nature,2
6984058300.jpg,urban,2
8049815553.jpg,urban,2
5179925276.jpg,animals,2
3995272564.jpg,urban,2
5589128867.jpg,urban,2
7508634448.jpg,urban,2
333862026.jpg,animals,2
4736312250.jpg,urban,2
2636375354.jpg,people,2
8454542185.jpg,nature,2
4769762725.jpg,urban,2
2358751472.jpg,animals,2
8051161881.jpg,nature,2
2758219502.jpg,animals,2
4094075798.jpg,people,2
6208654908.jpg,animals,2
8194068158.jpg,animals,2
7440344414.jpg,urban,2
5473105821.jpg,people,2
6786937338.jpg,animals,2
6408092531.jpg,animals,2
7922826732.jpg,animals,2
2549016411.jpg,nature,2
4728648250.jpg,animals,2
6562037451.jpg,people,2
4775383845.jpg,nature,2
6788234299.jpg,animals,2
6952691322.jpg,nature,2
6283467267.jpg,animals,2
8075851314.jpg,people,2
299603726.jpg,animals,2
2813251798.jpg,urban,2
3816972393.jpg,animals,2
5044498025.jpg,animals,2
3275927178.jpg,animals,2
2889069681.jpg,animals,2
7295262388.jpg,animals,2
2532644595.jpg,animals,2
403712642.jpg,animals,2
8000380912.jpg,animals,2
61537106.jpg,animals,2
241843728.jpg,people,2
8123471319.jpg,nature,2
6007113144.jpg,animals,2
5822479137.jpg,animals,2
7504808406.jpg,people,2
6944423926.jpg,urban,2
2518699137.jpg,nature,2
8018470163.jpg,urban,2
8339067060.jpg,urban,2
330148938.jpg,animals,2
5913110247.jpg,urban,2
5142789023.jpg,nature,2
4237993171.jpg,animals,2
6824412115.jpg,urban,2
263813510.jpg,nature,2
5571868916.jpg,animals,2
5760038600.jpg,nature,2
8298762701.jpg,people,2
8170008412.jpg,people,2
5982317572.jpg,animals,2
3562891904.jpg,urban,2
6277919676.jpg,animals,2
6980917381.jpg,nature,2
7138867127.jpg,urban,2
7183404246.jpg,people,2
3400397562.jpg,nature,2
7409411938.jpg,people,2
3366947061.jpg,animals,2
2136618122.jpg,urban,2
3797656350.jpg,nature,2
6095265588.jpg,urban,2
7938302910.jpg,nature,2
3667733064.jpg,animals,2
31702827.jpg,nature,2
7875992510.jpg,urban,2
2362277238.jpg,animals,2
4389903281.jpg,people,2
5035992195.jpg,animals,2
8062507687.jpg,animals,2
2333847657.jpg,nature,2
8231976985.jpg,nature,2
8531294398.jpg,people,2
23729022.jpg,animals,2
7206167552.jpg,animals,2
7990678419.jpg,animals,2
6854102307.jpg,urban,2
686540830.jpg,nature,2
7800305052.jpg,animals,2
7598616984.jpg,urban,2
7071918715.jpg,animals,2
4305661595.jpg,animals,2
2644522266.jpg,animals,2
8098058933.jpg,urban,2
5680382898.jpg,nature,2
5209371777.jpg,nature,2
4890042415.jpg,animals,2
5024072585.jpg,animals,2
8295819807.jpg,people,2
5743348895.jpg,animals,2
1247228565.jpg,nature,2
8440009120.jpg,nature,2
2323963779.jpg,animals,2
8064372566.jpg,people,2
5938019595.jpg,animals,2
7728300972.jpg,people,2
4661189424.jpg,animals,2
478460308.jpg,nature,2
6149539411.jpg,nature,2
5839683396.jpg,animals,2
8039428826.jpg,animals,2
6298202026.jpg,people,2
3413487278.jpg,nature,2
8082772233.jpg,animals,2
3741759463.jpg,urban,2
6770686875.jpg,urban,2
5198020332.jpg,nature,2
1298860319.jpg,urban,2
3818425128.jpg,nature,2
417936161.jpg,people,2
